公司,274,0.04989983609542888,n
风险,111,0.020214897104352578,n
产品,63,0.011473319978146056,n
影响,55,0.010016390457111637,vn
年,55,0.010016390457111637,m
经营,48,0.00874157712620652,vn
行业,45,0.008195228555818612,n
企业,44,0.00801311236568931,n
生产,43,0.007830996175560007,vn
万元,41,0.007466763795301402,m
技术,37,0.0067382990347841926,n
客户,36,0.00655618284465489,n
发展,35,0.006374066654525588,vn
民爆,35,0.006374066654525588,a
资金,33,0.006009834274266983,n
研发,32,0.005827718084137679,j
采购,29,0.005281369513749772,v
军工,29,0.005281369513749772,n
模块,29,0.005281369513749772,n
市场,28,0.00509925332362047,n
投资,28,0.00509925332362047,vn
募集,28,0.00509925332362047,v
项目,28,0.00509925332362047,n
炸药,27,0.004917137133491167,n
未来,27,0.004917137133491167,t
导致,26,0.004735020943361865,v
新,25,0.004552904753232562,a
主要,25,0.004552904753232562,b
国家,25,0.004552904753232562,n
月,24,0.00437078856310326,m
可能,23,0.004188672372973957,v
发生,23,0.004188672372973957,v
销售,23,0.004188672372973957,vn
一定,23,0.004188672372973957,d
下降,23,0.004188672372973957,v
存在,22,0.004006556182844655,v
本次,21,0.0038244399927153524,r
安全,21,0.0038244399927153524,an
收入,21,0.0038244399927153524,v
期内,21,0.0038244399927153524,f
光,21,0.0038244399927153524,n
因素,20,0.00364232380258605,n
高,20,0.00364232380258605,a
报告,20,0.00364232380258605,n
核心,20,0.00364232380258605,n
日,19,0.0034602076124567475,m
占,18,0.003278091422327445,v
吨,17,0.0030959752321981426,m
目前,17,0.0030959752321981426,t
不能,17,0.0030959752321981426,v
管理,17,0.0030959752321981426,vn
出现,17,0.0030959752321981426,v
应收,17,0.0030959752321981426,v
规模,16,0.0029138590420688397,n
中,16,0.0029138590420688397,ns
能力,16,0.0029138590420688397,n
波动,16,0.0029138590420688397,vn
业绩,16,0.0029138590420688397,n
原材料,16,0.0029138590420688397,n
净资产,16,0.0029138590420688397,n
政策,15,0.0027317428519395373,n
价格,15,0.0027317428519395373,n
业务,15,0.0027317428519395373,n
需求,15,0.0027317428519395373,v
相关,15,0.0027317428519395373,v
发行,15,0.0027317428519395373,v
存货,15,0.0027317428519395373,n
竞争,14,0.002549626661810235,vn
爆破,14,0.002549626661810235,v
均,14,0.002549626661810235,d
器材,14,0.002549626661810235,n
销售价格,14,0.002549626661810235,n
毛利率,14,0.002549626661810235,n
增值税,14,0.002549626661810235,n
各项,13,0.0023675104716809323,r
会,13,0.0023675104716809323,v
工业,13,0.0023675104716809323,n
硝酸铵,13,0.0023675104716809323,nz
比例,13,0.0023675104716809323,n
变化,13,0.0023675104716809323,vn
所得税,13,0.0023675104716809323,n
领域,13,0.0023675104716809323,n
军品,13,0.0023675104716809323,n
西藏自治区,12,0.00218539428155163,ns
二,12,0.00218539428155163,m
造成,12,0.00218539428155163,v
增加,12,0.00218539428155163,v
较大,12,0.00218539428155163,a
收益率,12,0.00218539428155163,n
税收,12,0.00218539428155163,n
需要,12,0.00218539428155163,v
元器件,12,0.00218539428155163,n
调整,11,0.0020032780914223274,vn
进一步,11,0.0020032780914223274,d
混装,11,0.0020032780914223274,b
要求,11,0.0020032780914223274,v
进行,11,0.0020032780914223274,v
三,11,0.0020032780914223274,m
具有,11,0.0020032780914223274,v
环境,11,0.0020032780914223274,n
增长,11,0.0020032780914223274,v
保障,11,0.0020032780914223274,v
我国,11,0.0020032780914223274,r
账款,11,0.0020032780914223274,n
服务,10,0.001821161901293025,vn
现场,10,0.001821161901293025,n
带来,10,0.001821161901293025,v
号,10,0.001821161901293025,m
上述,10,0.001821161901293025,b
建设,10,0.001821161901293025,vn
情况,10,0.001821161901293025,n
产生,10,0.001821161901293025,n
不利,10,0.001821161901293025,a
年度,10,0.001821161901293025,n
实施,10,0.001821161901293025,v
不断,10,0.001821161901293025,d
方面,10,0.001821161901293025,n
电子,10,0.001821161901293025,n
定型,10,0.001821161901293025,b
使用,10,0.001821161901293025,v
发行人,9,0.0016390457111637225,n
外,9,0.0016390457111637225,f
民用,9,0.0016390457111637225,n
爆炸,9,0.0016390457111637225,v
物品,9,0.0016390457111637225,n
鼓励,9,0.0016390457111637225,v
单位,9,0.0016390457111637225,n
部分,9,0.0016390457111637225,n
乳化,9,0.0016390457111637225,n
竞争力,9,0.0016390457111637225,n
水平,9,0.0016390457111637225,n
开发,9,0.0016390457111637225,v
需,9,0.0016390457111637225,v
金额,9,0.0016390457111637225,n
满足,9,0.0016390457111637225,v
设备,9,0.0016390457111637225,vn
战略,9,0.0016390457111637225,n
芯片,9,0.0016390457111637225,n
提高,8,0.0014569295210344199,v
模式,8,0.0014569295210344199,n
投入,8,0.0014569295210344199,v
优势,8,0.0014569295210344199,n
面临,8,0.0014569295210344199,v
放开,8,0.0014569295210344199,v
问题,8,0.0014569295210344199,n
主营业务,8,0.0014569295210344199,n
营业,8,0.0014569295210344199,n
速度,8,0.0014569295210344199,n
自主,8,0.0014569295210344199,v
发生变化,8,0.0014569295210344199,l
人才,8,0.0014569295210344199,n
人员,8,0.0014569295210344199,n
持续,8,0.0014569295210344199,vd
预期,8,0.0014569295210344199,vn
实现,8,0.0014569295210344199,v
无法,8,0.0014569295210344199,n
程度,7,0.0012748133309051174,n
地区,7,0.0012748133309051174,n
新联,7,0.0012748133309051174,ns
相对,7,0.0012748133309051174,d
受,7,0.0012748133309051174,v
元,7,0.0012748133309051174,m
通知,7,0.0012748133309051174,v
优惠,7,0.0012748133309051174,vn
未,7,0.0012748133309051174,d
盈利,7,0.0012748133309051174,n
大量,7,0.0012748133309051174,n
重大,7,0.0012748133309051174,a
报告期,7,0.0012748133309051174,n
股东,7,0.0012748133309051174,n
净利润,7,0.0012748133309051174,n
优惠政策,7,0.0012748133309051174,n
费用,7,0.0012748133309051174,n
现有,7,0.0012748133309051174,b
武器装备,7,0.0012748133309051174,l
减值,7,0.0012748133309051174,v
付款,7,0.0012748133309051174,v
高新技术,7,0.0012748133309051174,n
全球,7,0.0012748133309051174,n
投资者,6,0.001092697140775815,n
排序,6,0.001092697140775815,n
产业政策,6,0.001092697140775815,n
方向,6,0.001092697140775815,n
适应,6,0.001092697140775815,v
拥有,6,0.001092697140775815,v
更,6,0.001092697140775815,d
成本,6,0.001092697140775815,n
产品销售,6,0.001092697140775815,j
处于,6,0.001092697140775815,v
阶段,6,0.001092697140775815,n
加大,6,0.001092697140775815,v
扩大,6,0.001092697140775815,v
销售收入,6,0.001092697140775815,n
比重,6,0.001092697140775815,n
投产,6,0.001092697140775815,vn
雷管,6,0.001092697140775815,n
需求量,6,0.001092697140775815,n
拓展,6,0.001092697140775815,v
控制,6,0.001092697140775815,v
四,6,0.001092697140775815,m
属于,6,0.001092697140775815,v
五,6,0.001092697140775815,m
成为,6,0.001092697140775815,v
收益,6,0.001092697140775815,n
核心技术,6,0.001092697140775815,n
知识产权,6,0.001092697140775815,n
流失,6,0.001092697140775815,v
图形,6,0.001092697140775815,n
显控,6,0.001092697140775815,v
上升,6,0.001092697140775815,v
次,6,0.001092697140775815,t
国家税务总局,6,0.001092697140775815,nt
北麦,6,0.001092697140775815,ns
新增,6,0.001092697140775815,v
光通信,6,0.001092697140775815,nt
均价,6,0.001092697140775815,n
出口,6,0.001092697140775815,vn
提供,5,0.0009105809506465125,v
爆破作业,5,0.0009105809506465125,n
产业,5,0.0009105809506465125,n
集中度,5,0.0009105809506465125,n
股份,5,0.0009105809506465125,n
有限公司,5,0.0009105809506465125,n
产能,5,0.0009105809506465125,v
保持,5,0.0009105809506465125,v
市场竞争,5,0.0009105809506465125,l
形成,5,0.0009105809506465125,v
趋势,5,0.0009105809506465125,n
基础设施,5,0.0009105809506465125,n
供应,5,0.0009105809506465125,vn
超过,5,0.0009105809506465125,v
稳定性,5,0.0009105809506465125,n
管理制度,5,0.0009105809506465125,n
综合,5,0.0009105809506465125,vn
采取,5,0.0009105809506465125,v
积极,5,0.0009105809506465125,ad
管理水平,5,0.0009105809506465125,n
市场需求,5,0.0009105809506465125,n
效益,5,0.0009105809506465125,n
享受,5,0.0009105809506465125,v
技术人员,5,0.0009105809506465125,n
提出,5,0.0009105809506465125,v
团队,5,0.0009105809506465125,n
开拓,5,0.0009105809506465125,v
未能,5,0.0009105809506465125,v
集团,5,0.0009105809506465125,n
国内,5,0.0009105809506465125,s
原因,5,0.0009105809506465125,n
较高,5,0.0009105809506465125,a
中国,5,0.0009105809506465125,ns
合作,5,0.0009105809506465125,vn
储备,5,0.0009105809506465125,vn
订单,5,0.0009105809506465125,n
M9,5,0.0009105809506465125,eng
余额,5,0.0009105809506465125,n
周转率,5,0.0009105809506465125,n
质量,5,0.0009105809506465125,n
垫,5,0.0009105809506465125,zg
证书,5,0.0009105809506465125,n
资格,5,0.0009105809506465125,n
4.25,5,0.0009105809506465125,m
G,5,0.0009105809506465125,eng
时,4,0.0007284647605172099,n
资料,4,0.0007284647605172099,n
应,4,0.0007284647605172099,v
特别,4,0.0007284647605172099,d
考虑,4,0.0007284647605172099,v
下述,4,0.0007284647605172099,v
原则,4,0.0007284647605172099,n
性能,4,0.0007284647605172099,n
优化,4,0.0007284647605172099,vn
结构,4,0.0007284647605172099,n
促进,4,0.0007284647605172099,v
年产,4,0.0007284647605172099,j
区域,4,0.0007284647605172099,n
中金,4,0.0007284647605172099,n
迅速,4,0.0007284647605172099,ad
低,4,0.0007284647605172099,a
工程,4,0.0007284647605172099,n
快速,4,0.0007284647605172099,d
所需,4,0.0007284647605172099,n
前,4,0.0007284647605172099,f
终端,4,0.0007284647605172099,n
∮,4,0.0007284647605172099,x
高争,4,0.0007284647605172099,n
强,4,0.0007284647605172099,a
主管部门,4,0.0007284647605172099,n
市场化,4,0.0007284647605172099,n
短期内,4,0.0007284647605172099,n
西藏地区,4,0.0007284647605172099,ns
经济,4,0.0007284647605172099,n
运输,4,0.0007284647605172099,vn
华泰,4,0.0007284647605172099,nz
龙,4,0.0007284647605172099,n
矿业,4,0.0007284647605172099,n
及时,4,0.0007284647605172099,c
供应商,4,0.0007284647605172099,n
相应,4,0.0007284647605172099,v
周期,4,0.0007284647605172099,t
资质,4,0.0007284647605172099,n
生产线,4,0.0007284647605172099,n
措施,4,0.0007284647605172099,n
排除,4,0.0007284647605172099,v
稳定,4,0.0007284647605172099,a
期末,4,0.0007284647605172099,t
大幅,4,0.0007284647605172099,d
规定,4,0.0007284647605172099,n
执行,4,0.0007284647605172099,v
税率,4,0.0007284647605172099,n
有效,4,0.0007284647605172099,a
扩张,4,0.0007284647605172099,v
活动,4,0.0007284647605172099,vn
完善,4,0.0007284647605172099,v
应用,4,0.0007284647605172099,v
军工企业,4,0.0007284647605172099,j
中航,4,0.0007284647605172099,j
下属单位,4,0.0007284647605172099,n
减少,4,0.0007284647605172099,v
研制,4,0.0007284647605172099,vn
鉴定,4,0.0007284647605172099,v
达到,4,0.0007284647605172099,v
军方,4,0.0007284647605172099,n
带来不利,4,0.0007284647605172099,v
军用,4,0.0007284647605172099,n
进入,4,0.0007284647605172099,v
摩擦,4,0.0007284647605172099,vn
周转,4,0.0007284647605172099,nr
期,4,0.0007284647605172099,n
适用,4,0.0007284647605172099,v
账面,4,0.0007284647605172099,n
财政部,4,0.0007284647605172099,nt
财税,4,0.0007284647605172099,n
取得,4,0.0007284647605172099,v
折旧,4,0.0007284647605172099,v
泄露,4,0.0007284647605172099,v
保密,4,0.0007284647605172099,n
租赁,4,0.0007284647605172099,v
房屋,4,0.0007284647605172099,n
通信,4,0.0007284647605172099,j
公告,4,0.0007284647605172099,n
进口国,4,0.0007284647605172099,n
第四节,3,0.0005463485703879075,m
重要性,3,0.0005463485703879075,n
决策,3,0.0005463485703879075,n
表示,3,0.0005463485703879075,v
依次,3,0.0005463485703879075,d
采用,3,0.0005463485703879075,v
配送,3,0.0005463485703879075,v
一体化,3,0.0005463485703879075,l
正,3,0.0005463485703879075,d
唯一,3,0.0005463485703879075,b
集,3,0.0005463485703879075,q
一体,3,0.0005463485703879075,n
储存,3,0.0005463485703879075,n
竞争对手,3,0.0005463485703879075,n
区内,3,0.0005463485703879075,s
直接,3,0.0005463485703879075,ad
内地,3,0.0005463485703879075,n
继续,3,0.0005463485703879075,v
社会,3,0.0005463485703879075,n
二级,3,0.0005463485703879075,b
藏,3,0.0005463485703879075,j
为主,3,0.0005463485703879075,v
选择,3,0.0005463485703879075,v
发挥,3,0.0005463485703879075,v
出厂价格,3,0.0005463485703879075,n
决定,3,0.0005463485703879075,v
实际,3,0.0005463485703879075,n
取消,3,0.0005463485703879075,v
增强,3,0.0005463485703879075,v
升级,3,0.0005463485703879075,vn
利润,3,0.0005463485703879075,n
铁路,3,0.0005463485703879075,n
有所,3,0.0005463485703879075,n
变动,3,0.0005463485703879075,vn
产品价格,3,0.0005463485703879075,n
较为,3,0.0005463485703879075,d
集中,3,0.0005463485703879075,v
地处,3,0.0005463485703879075,s
矿产资源,3,0.0005463485703879075,n
力度,3,0.0005463485703879075,n
有望,3,0.0005463485703879075,v
依赖,3,0.0005463485703879075,v
基础,3,0.0005463485703879075,n
金,3,0.0005463485703879075,nr
建成,3,0.0005463485703879075,v
限制,3,0.0005463485703879075,v
导爆管,3,0.0005463485703879075,n
单价,3,0.0005463485703879075,n
多孔,3,0.0005463485703879075,b
平均,3,0.0005463485703879075,a
陕西,3,0.0005463485703879075,ns
兴化,3,0.0005463485703879075,v
化学,3,0.0005463485703879075,n
一直,3,0.0005463485703879075,d
停产,3,0.0005463485703879075,v
内部,3,0.0005463485703879075,f
研究所,3,0.0005463485703879075,n
加强,3,0.0005463485703879075,v
得到,3,0.0005463485703879075,v
可能性,3,0.0005463485703879075,n
财务,3,0.0005463485703879075,n
下滑,3,0.0005463485703879075,v
西部,3,0.0005463485703879075,f
缴纳,3,0.0005463485703879075,v
所得税率,3,0.0005463485703879075,n
人力资源,3,0.0005463485703879075,n
一批,3,0.0005463485703879075,m
高素质,3,0.0005463485703879075,nr
骨干,3,0.0005463485703879075,n
延伸,3,0.0005463485703879075,v
不足,3,0.0005463485703879075,a
提升,3,0.0005463485703879075,v
经验,3,0.0005463485703879075,n
开展,3,0.0005463485703879075,v
组织,3,0.0005463485703879075,v
控股,3,0.0005463485703879075,v
现代,3,0.0005463485703879075,t
制度,3,0.0005463485703879075,n
六,3,0.0005463485703879075,m
论证,3,0.0005463485703879075,n
七,3,0.0005463485703879075,m
推出,3,0.0005463485703879075,v
技术落后,3,0.0005463485703879075,n
摊,3,0.0005463485703879075,n
薄,3,0.0005463485703879075,a
到位,3,0.0005463485703879075,v
建成投产,3,0.0005463485703879075,j
经济效益,3,0.0005463485703879075,n
时间,3,0.0005463485703879075,n
每股,3,0.0005463485703879075,r
利率,3,0.0005463485703879075,n
汇率,3,0.0005463485703879075,n
以下,3,0.0005463485703879075,f
价值,3,0.0005463485703879075,n
小型,3,0.0005463485703879075,b
生命周期,3,0.0005463485703879075,n
尤其,3,0.0005463485703879075,d
每年,3,0.0005463485703879075,r
国防,3,0.0005463485703879075,n
坚持,3,0.0005463485703879075,v
民营,3,0.0005463485703879075,b
组成部分,3,0.0005463485703879075,l
数量,3,0.0005463485703879075,n
总资产,3,0.0005463485703879075,n
资金周转,3,0.0005463485703879075,n
账龄,3,0.0005463485703879075,n
应收款,3,0.0005463485703879075,n
审批,3,0.0005463485703879075,v
免税,3,0.0005463485703879075,v
国家税务局,3,0.0005463485703879075,nt
子公司,3,0.0005463485703879075,n
消化,3,0.0005463485703879075,vn
摊销,3,0.0005463485703879075,v
募,3,0.0005463485703879075,vg
投,3,0.0005463485703879075,n
科研,3,0.0005463485703879075,n
资产,3,0.0005463485703879075,n
秘密,3,0.0005463485703879075,n
审查,3,0.0005463485703879075,vn
应用领域,3,0.0005463485703879075,l
对光,3,0.0005463485703879075,n
约,3,0.0005463485703879075,d
亿美元,3,0.0005463485703879075,m
进口,3,0.0005463485703879075,vn
贸易,3,0.0005463485703879075,vn
认真,2,0.00036423238025860496,ad
大小,2,0.00036423238025860496,b
加剧,2,0.00036423238025860496,v
国务院,2,0.00036423238025860496,nt
管理条例,2,0.00036423238025860496,n
十二五,2,0.00036423238025860496,m
规划,2,0.00036423238025860496,n
逐步提高,2,0.00036423238025860496,l
规模化,2,0.00036423238025860496,n
符合国家,2,0.00036423238025860496,n
仓库,2,0.00036423238025860496,n
西藏,2,0.00036423238025860496,ns
车,2,0.00036423238025860496,zg
作业系统,2,0.00036423238025860496,n
葛洲坝,2,0.00036423238025860496,ns
易普力,2,0.00036423238025860496,nr
墨竹工卡,2,0.00036423238025860496,ns
分公司,2,0.00036423238025860496,n
机遇,2,0.00036423238025860496,n
削弱,2,0.00036423238025860496,v
面对,2,0.00036423238025860496,v
生产成本,2,0.00036423238025860496,l
态势,2,0.00036423238025860496,n
运输成本,2,0.00036423238025860496,n
承担,2,0.00036423238025860496,v
披露,2,0.00036423238025860496,v
信息,2,0.00036423238025860496,n
核定,2,0.00036423238025860496,n
比较,2,0.00036423238025860496,d
岩石,2,0.00036423238025860496,n
湖南,2,0.00036423238025860496,ns
产,2,0.00036423238025860496,n
粉状,2,0.00036423238025860496,n
规格,2,0.00036423238025860496,n
不同,2,0.00036423238025860496,a
差异,2,0.00036423238025860496,n
流通,2,0.00036423238025860496,vn
长远,2,0.00036423238025860496,d
做,2,0.00036423238025860496,v
激烈,2,0.00036423238025860496,a
除对,2,0.00036423238025860496,p
重点,2,0.00036423238025860496,n
拉林,2,0.00036423238025860496,nr
方,2,0.00036423238025860496,q
适时,2,0.00036423238025860496,ad
做出,2,0.00036423238025860496,v
经营风险,2,0.00036423238025860496,n
丰富,2,0.00036423238025860496,a
尚,2,0.00036423238025860496,d
支持,2,0.00036423238025860496,v
地位,2,0.00036423238025860496,n
下半年,2,0.00036423238025860496,t
预计,2,0.00036423238025860496,vn
自产,2,0.00036423238025860496,vn
少量,2,0.00036423238025860496,m
大幅度,2,0.00036423238025860496,d
表,2,0.00036423238025860496,v
胶状,2,0.00036423238025860496,n
呈现,2,0.00036423238025860496,v
普通,2,0.00036423238025860496,nz
化工原料,2,0.00036423238025860496,n
充足,2,0.00036423238025860496,a
总,2,0.00036423238025860496,n
特性,2,0.00036423238025860496,n
属性,2,0.00036423238025860496,n
严重,2,0.00036423238025860496,a
正常,2,0.00036423238025860496,d
固有,2,0.00036423238025860496,b
先进,2,0.00036423238025860496,a
系统,2,0.00036423238025860496,n
制定,2,0.00036423238025860496,v
不断完善,2,0.00036423238025860496,l
成立,2,0.00036423238025860496,v
危险,2,0.00036423238025860496,an
确定,2,0.00036423238025860496,v
意外,2,0.00036423238025860496,a
构成,2,0.00036423238025860496,v
计划,2,0.00036423238025860496,n
加权,2,0.00036423238025860496,v
引致,2,0.00036423238025860496,v
印发,2,0.00036423238025860496,nz
统一,2,0.00036423238025860496,vn
征收,2,0.00036423238025860496,v
合并,2,0.00036423238025860496,v
23.06,2,0.00036423238025860496,m
已经,2,0.00036423238025860496,d
成熟,2,0.00036423238025860496,a
激励机制,2,0.00036423238025860496,n
业务范围,2,0.00036423238025860496,n
专业,2,0.00036423238025860496,n
稳步,2,0.00036423238025860496,d
积累,2,0.00036423238025860496,v
配套,2,0.00036423238025860496,a
齐全,2,0.00036423238025860496,nr
资源整合,2,0.00036423238025860496,n
持有,2,0.00036423238025860496,v
股权,2,0.00036423238025860496,n
建立,2,0.00036423238025860496,v
治理,2,0.00036423238025860496,v
更加,2,0.00036423238025860496,d
科学,2,0.00036423238025860496,n
方式,2,0.00036423238025860496,n
投向,2,0.00036423238025860496,n
发,2,0.00036423238025860496,v
建设项目,2,0.00036423238025860496,n
市场前景,2,0.00036423238025860496,n
充分,2,0.00036423238025860496,ad
宏观经济,2,0.00036423238025860496,n
多方面,2,0.00036423238025860496,m
市场份额,2,0.00036423238025860496,n
产品开发,2,0.00036423238025860496,l
八,2,0.00036423238025860496,m
回报,2,0.00036423238025860496,v
公开,2,0.00036423238025860496,ad
当年,2,0.00036423238025860496,t
降低,2,0.00036423238025860496,v
九,2,0.00036423238025860496,m
股票市场,2,0.00036423238025860496,n
利润率,2,0.00036423238025860496,n
显著,2,0.00036423238025860496,a
净,2,0.00036423238025860496,a
机制,2,0.00036423238025860496,n
不再,2,0.00036423238025860496,d
特征,2,0.00036423238025860496,n
负责,2,0.00036423238025860496,v
军用飞机,2,0.00036423238025860496,n
航空,2,0.00036423238025860496,n
无线电,2,0.00036423238025860496,b
潜在,2,0.00036423238025860496,t
方案,2,0.00036423238025860496,n
周期长,2,0.00036423238025860496,n
整机,2,0.00036423238025860496,b
方可,2,0.00036423238025860496,n
批量,2,0.00036423238025860496,n
成功,2,0.00036423238025860496,a
收回,2,0.00036423238025860496,v
可靠性,2,0.00036423238025860496,n
程序,2,0.00036423238025860496,n
更新,2,0.00036423238025860496,d
短,2,0.00036423238025860496,a
交付,2,0.00036423238025860496,v
图形处理,2,0.00036423238025860496,l
困难,2,0.00036423238025860496,an
包括,2,0.00036423238025860496,v
间歇性,2,0.00036423238025860496,b
型号,2,0.00036423238025860496,n
任务,2,0.00036423238025860496,n
避免,2,0.00036423238025860496,v
特点,2,0.00036423238025860496,n
最终,2,0.00036423238025860496,d
补偿,2,0.00036423238025860496,vn
式,2,0.00036423238025860496,k
下游,2,0.00036423238025860496,f
量,2,0.00036423238025860496,n
明显,2,0.00036423238025860496,a
理解,2,0.00036423238025860496,v
产品质量,2,0.00036423238025860496,n
国际,2,0.00036423238025860496,n
世界,2,0.00036423238025860496,n
国际形势,2,0.00036423238025860496,n
性,2,0.00036423238025860496,n
管理体制,2,0.00036423238025860496,n
重要,2,0.00036423238025860496,a
政府,2,0.00036423238025860496,n
条件,2,0.00036423238025860496,n
供货,2,0.00036423238025860496,n
备货,2,0.00036423238025860496,n
控制柜,2,0.00036423238025860496,n
发现,2,0.00036423238025860496,v
迹象,2,0.00036423238025860496,n
国军,2,0.00036423238025860496,n
标,2,0.00036423238025860496,n
机关,2,0.00036423238025860496,n
以内,2,0.00036423238025860496,f
货款,2,0.00036423238025860496,n
良好,2,0.00036423238025860496,a
减缓,2,0.00036423238025860496,v
推迟,2,0.00036423238025860496,v
不确定性,2,0.00036423238025860496,n
长,2,0.00036423238025860496,a
文件,2,0.00036423238025860496,n
免,2,0.00036423238025860496,v
已于,2,0.00036423238025860496,d
延续,2,0.00036423238025860496,v
免征,2,0.00036423238025860496,v
税务机关,2,0.00036423238025860496,n
软件产业,2,0.00036423238025860496,l
集成电路,2,0.00036423238025860496,nz
税收政策,2,0.00036423238025860496,n
软件产品,2,0.00036423238025860496,l
税负,2,0.00036423238025860496,n
退,2,0.00036423238025860496,v
营业税,2,0.00036423238025860496,n
试点,2,0.00036423238025860496,n
服务业,2,0.00036423238025860496,n
专用化,2,0.00036423238025860496,n
雷达,2,0.00036423238025860496,nr
固定资产,2,0.00036423238025860496,l
支出,2,0.00036423238025860496,v
电子行业,2,0.00036423238025860496,n
复制,2,0.00036423238025860496,v
引进,2,0.00036423238025860496,v
进一步提高,2,0.00036423238025860496,i
泄密,2,0.00036423238025860496,v
掌握,2,0.00036423238025860496,v
认证,2,0.00036423238025860496,v
情形,2,0.00036423238025860496,n
不可,2,0.00036423238025860496,v
遭受,2,0.00036423238025860496,v
器件,2,0.00036423238025860496,n
光子,2,0.00036423238025860496,n
逐渐,2,0.00036423238025860496,d
密集型,2,0.00036423238025860496,n
快,2,0.00036423238025860496,a
当期,2,0.00036423238025860496,t
占比,2,0.00036423238025860496,v
纠纷,2,0.00036423238025860496,n
主流,2,0.00036423238025860496,b
制造商,2,0.00036423238025860496,n
万支,2,0.00036423238025860496,m
现金流量,2,0.00036423238025860496,n
损失,2,0.00036423238025860496,n
点对点,2,0.00036423238025860496,n
逐年,2,0.00036423238025860496,d
类产品,2,0.00036423238025860496,n
四川省,2,0.00036423238025860496,ns
退税率,2,0.00036423238025860496,n
发行股票,1,0.00018211619012930248,n
颁布,1,0.00018211619012930248,v
从业,1,0.00018211619012930248,v
发布,1,0.00018211619012930248,v
推行,1,0.00018211619012930248,v
引领,1,0.00018211619012930248,v
集约化,1,0.00018211619012930248,n
网点,1,0.00018211619012930248,n
遍布,1,0.00018211619012930248,v
具备,1,0.00018211619012930248,v
充分利用,1,0.00018211619012930248,n
原料,1,0.00018211619012930248,n
地域,1,0.00018211619012930248,n
责任,1,0.00018211619012930248,n
偏,1,0.00018211619012930248,d
历来,1,0.00018211619012930248,v
远高于,1,0.00018211619012930248,nr
物价局,1,0.00018211619012930248,n
网上,1,0.00018211619012930248,s
具体型号,1,0.00018211619012930248,v
含税,1,0.00018211619012930248,n
广西,1,0.00018211619012930248,ns
自治区,1,0.00018211619012930248,n
沅陵,1,0.00018211619012930248,ns
广东,1,0.00018211619012930248,ns
汕尾,1,0.00018211619012930248,ns
乳,1,0.00018211619012930248,ng
管装,1,0.00018211619012930248,vn
袋装,1,0.00018211619012930248,n
13000127421098618154.6316839.60,1,0.00018211619012930248,m
注,1,0.00018211619012930248,v
同行业,1,0.00018211619012930248,n
上市公司,1,0.00018211619012930248,nt
大多,1,0.00018211619012930248,m
出厂价,1,0.00018211619012930248,n
可比性,1,0.00018211619012930248,l
产品包装,1,0.00018211619012930248,n
贯彻落实,1,0.00018211619012930248,i
党,1,0.00018211619012930248,n
十八,1,0.00018211619012930248,m
届,1,0.00018211619012930248,d
三中全会,1,0.00018211619012930248,j
精神,1,0.00018211619012930248,n
资源配置,1,0.00018211619012930248,n
决定性,1,0.00018211619012930248,n
作用,1,0.00018211619012930248,v
发改委,1,0.00018211619012930248,j
工信,1,0.00018211619012930248,vn
部,1,0.00018211619012930248,n
公安部,1,0.00018211619012930248,n
联合,1,0.00018211619012930248,v
发文,1,0.00018211619012930248,n
实行,1,0.00018211619012930248,v
调节价,1,0.00018211619012930248,n
各地,1,0.00018211619012930248,r
结合,1,0.00018211619012930248,v
尽快,1,0.00018211619012930248,d
费率,1,0.00018211619012930248,n
环节,1,0.00018211619012930248,n
进程,1,0.00018211619012930248,n
来看,1,0.00018211619012930248,u
有利于,1,0.00018211619012930248,v
健康,1,0.00018211619012930248,a
整体,1,0.00018211619012930248,n
推动,1,0.00018211619012930248,v
转型,1,0.00018211619012930248,n
促使,1,0.00018211619012930248,v
价格竞争,1,0.00018211619012930248,l
趋于,1,0.00018211619012930248,v
尚无,1,0.00018211619012930248,v
但为,1,0.00018211619012930248,c
顺应,1,0.00018211619012930248,v
供需,1,0.00018211619012930248,n
高速,1,0.00018211619012930248,d
大规模,1,0.00018211619012930248,b
资源,1,0.00018211619012930248,n
几年,1,0.00018211619012930248,m
快速增长,1,0.00018211619012930248,n
放缓,1,0.00018211619012930248,v
周期性,1,0.00018211619012930248,n
第一,1,0.00018211619012930248,m
6105.93,1,0.00018211619012930248,m
7924.90,1,0.00018211619012930248,m
4095.07,1,0.00018211619012930248,m
31.69,1,0.00018211619012930248,m
34.60,1,0.00018211619012930248,m
16.67,1,0.00018211619012930248,m
移交,1,0.00018211619012930248,v
转移,1,0.00018211619012930248,v
试运行,1,0.00018211619012930248,v
验收,1,0.00018211619012930248,v
作业面,1,0.00018211619012930248,n
3508.69,1,0.00018211619012930248,m
4577.53,1,0.00018211619012930248,m
3530.68,1,0.00018211619012930248,m
左右,1,0.00018211619012930248,m
总量,1,0.00018211619012930248,n
1762.504724.005597.503482.50,1,0.00018211619012930248,m
2375.152457.982634.522851.11,1,0.00018211619012930248,m
粒状,1,0.00018211619012930248,n
铵油,1,0.00018211619012930248,n
陆续,1,0.00018211619012930248,d
含,1,0.00018211619012930248,v
运费,1,0.00018211619012930248,vn
装卸,1,0.00018211619012930248,v
费,1,0.00018211619012930248,v
2851.11,1,0.00018211619012930248,m
2634.52,1,0.00018211619012930248,m
2457.98,1,0.00018211619012930248,m
2375.15,1,0.00018211619012930248,m
有利,1,0.00018211619012930248,a
重新,1,0.00018211619012930248,a
上扬,1,0.00018211619012930248,v
不利于,1,0.00018211619012930248,v
近三年,1,0.00018211619012930248,t
一期,1,0.00018211619012930248,d
距离,1,0.00018211619012930248,n
广泛应用,1,0.00018211619012930248,l
煤炭,1,0.00018211619012930248,n
金属,1,0.00018211619012930248,n
非金属,1,0.00018211619012930248,b
矿山,1,0.00018211619012930248,n
开采,1,0.00018211619012930248,v
公路,1,0.00018211619012930248,n
水利,1,0.00018211619012930248,n
依赖性,1,0.00018211619012930248,n
关联度,1,0.00018211619012930248,n
危,1,0.00018211619012930248,n
首要,1,0.00018211619012930248,b
不当,1,0.00018211619012930248,d
意外事故,1,0.00018211619012930248,n
形象,1,0.00018211619012930248,n
整顿,1,0.00018211619012930248,m
裁减,1,0.00018211619012930248,v
许可,1,0.00018211619012930248,nr
处罚,1,0.00018211619012930248,v
工艺技术,1,0.00018211619012930248,n
控制系统,1,0.00018211619012930248,l
运行,1,0.00018211619012930248,v
本质,1,0.00018211619012930248,n
度,1,0.00018211619012930248,zg
严格执行,1,0.00018211619012930248,nr
安全性,1,0.00018211619012930248,nr
定期,1,0.00018211619012930248,vn
聘请,1,0.00018211619012930248,v
甲级,1,0.00018211619012930248,b
机构,1,0.00018211619012930248,n
兵器工业,1,0.00018211619012930248,n
现状,1,0.00018211619012930248,n
涵盖,1,0.00018211619012930248,v
结论,1,0.00018211619012930248,n
级,1,0.00018211619012930248,q
事故,1,0.00018211619012930248,n
认可,1,0.00018211619012930248,v
本行业,1,0.00018211619012930248,n
完全,1,0.00018211619012930248,ad
偶发,1,0.00018211619012930248,d
引发,1,0.00018211619012930248,v
安全事故,1,0.00018211619012930248,i
52.96,1,0.00018211619012930248,m
54.91,1,0.00018211619012930248,m
53.09,1,0.00018211619012930248,m
53.65,1,0.00018211619012930248,m
小幅,1,0.00018211619012930248,n
以前,1,0.00018211619012930248,f
物价,1,0.00018211619012930248,n
自主性,1,0.00018211619012930248,n
减轻,1,0.00018211619012930248,v
尚未,1,0.00018211619012930248,d
暂无,1,0.00018211619012930248,v
下调,1,0.00018211619012930248,v
归属于,1,0.00018211619012930248,l
普通股,1,0.00018211619012930248,n
口径,1,0.00018211619012930248,n
计算,1,0.00018211619012930248,v
34.80,1,0.00018211619012930248,m
26.12,1,0.00018211619012930248,m
21.79,1,0.00018211619012930248,m
11.92,1,0.00018211619012930248,m
结束,1,0.00018211619012930248,v
西藏自治区人民政府,1,0.00018211619012930248,nt
实施办法,1,0.00018211619012930248,n
政函,1,0.00018211619012930248,n
起至,1,0.00018211619012930248,v
止,1,0.00018211619012930248,v
暂免,1,0.00018211619012930248,d
区,1,0.00018211619012930248,n
地方,1,0.00018211619012930248,n
分享,1,0.00018211619012930248,v
范围,1,0.00018211619012930248,n
538.21,1,0.00018211619012930248,m
991.27,1,0.00018211619012930248,m
1532.65,1,0.00018211619012930248,m
817.32,1,0.00018211619012930248,m
同期,1,0.00018211619012930248,b
10.34,1,0.00018211619012930248,m
15.65,1,0.00018211619012930248,m
20.01,1,0.00018211619012930248,m
缺乏,1,0.00018211619012930248,v
培养,1,0.00018211619012930248,v
处,1,0.00018211619012930248,n
日趋激烈,1,0.00018211619012930248,l
积极性,1,0.00018211619012930248,n
创造性,1,0.00018211619012930248,n
人才流失,1,0.00018211619012930248,i
过程,1,0.00018211619012930248,n
产业链,1,0.00018211619012930248,n
工,1,0.00018211619012930248,n
业,1,0.00018211619012930248,n
经营规模,1,0.00018211619012930248,n
拓宽,1,0.00018211619012930248,nr
吸引力,1,0.00018211619012930248,n
劣势,1,0.00018211619012930248,n
供给,1,0.00018211619012930248,vn
隐患,1,0.00018211619012930248,n
近年来,1,0.00018211619012930248,t
把握,1,0.00018211619012930248,v
产业结构,1,0.00018211619012930248,n
多年,1,0.00018211619012930248,m
精干,1,0.00018211619012930248,n
富有,1,0.00018211619012930248,v
开拓精神,1,0.00018211619012930248,i
有力,1,0.00018211619012930248,n
部门,1,0.00018211619012930248,n
职责,1,0.00018211619012930248,n
分工,1,0.00018211619012930248,vn
明确,1,0.00018211619012930248,ad
管理效率,1,0.00018211619012930248,n
有序,1,0.00018211619012930248,n
挑战,1,0.00018211619012930248,vn
管理层,1,0.00018211619012930248,n
素质,1,0.00018211619012930248,n
三大,1,0.00018211619012930248,j
80.90,1,0.00018211619012930248,m
多元化,1,0.00018211619012930248,vn
股权结构,1,0.00018211619012930248,n
相适应,1,0.00018211619012930248,n
法人,1,0.00018211619012930248,n
规章制度,1,0.00018211619012930248,n
力图,1,0.00018211619012930248,n
合理,1,0.00018211619012930248,vn
透明,1,0.00018211619012930248,v
但若,1,0.00018211619012930248,c
不力,1,0.00018211619012930248,n
利用,1,0.00018211619012930248,n
行使,1,0.00018211619012930248,n
表决权,1,0.00018211619012930248,v
人事,1,0.00018211619012930248,n
中小,1,0.00018211619012930248,j
利益,1,0.00018211619012930248,n
损害,1,0.00018211619012930248,v
召开,1,0.00018211619012930248,v
第六次,1,0.00018211619012930248,m
临时,1,0.00018211619012930248,b
大会决议,1,0.00018211619012930248,n
扣除,1,0.00018211619012930248,v
增资,1,0.00018211619012930248,v
万,1,0.00018211619012930248,m
信息化,1,0.00018211619012930248,n
平台,1,0.00018211619012930248,n
二期,1,0.00018211619012930248,b
技术改造,1,0.00018211619012930248,l
货物运输,1,0.00018211619012930248,l
仓储,1,0.00018211619012930248,j
成熟性,1,0.00018211619012930248,n
先进性,1,0.00018211619012930248,n
反复研究,1,0.00018211619012930248,n
原有,1,0.00018211619012930248,v
即将,1,0.00018211619012930248,d
生产工艺,1,0.00018211619012930248,n
越来越快,1,0.00018211619012930248,l
创新能力,1,0.00018211619012930248,n
工艺水平,1,0.00018211619012930248,n
新工艺,1,0.00018211619012930248,n
即期,1,0.00018211619012930248,d
完成,1,0.00018211619012930248,v
股本,1,0.00018211619012930248,n
首次,1,0.00018211619012930248,m
融资,1,0.00018211619012930248,vn
股市,1,0.00018211619012930248,n
取决于,1,0.00018211619012930248,v
状况,1,0.00018211619012930248,n
通货膨胀,1,0.00018211619012930248,l
国家有关,1,0.00018211619012930248,nt
心理,1,0.00018211619012930248,n
股,1,0.00018211619012930248,n
票,1,0.00018211619012930248,n
供求关系,1,0.00018211619012930248,l
息息相关,1,0.00018211619012930248,i
公司股票,1,0.00018211619012930248,n
股价,1,0.00018211619012930248,n
股票,1,0.00018211619012930248,n
节,1,0.00018211619012930248,t
投资决策,1,0.00018211619012930248,n
一较,1,0.00018211619012930248,d
84.88,1,0.00018211619012930248,m
82.44,1,0.00018211619012930248,m
74.66,1,0.00018211619012930248,m
39.30,1,0.00018211619012930248,m
40.13,1,0.00018211619012930248,m
37.11,1,0.00018211619012930248,m
成本费用,1,0.00018211619012930248,n
从严,1,0.00018211619012930248,d
压低,1,0.00018211619012930248,v
增值,1,0.00018211619012930248,v
高度集中,1,0.00018211619012930248,nz
普遍,1,0.00018211619012930248,ad
下属,1,0.00018211619012930248,v
显,1,0.00018211619012930248,v
控系统,1,0.00018211619012930248,n
合计,1,0.00018211619012930248,vn
15204.25,1,0.00018211619012930248,m
17552.15,1,0.00018211619012930248,m
20949.61,1,0.00018211619012930248,m
93.24,1,0.00018211619012930248,m
85.71,1,0.00018211619012930248,m
87.41,1,0.00018211619012930248,m
密切配合,1,0.00018211619012930248,n
关系,1,0.00018211619012930248,n
研,1,0.00018211619012930248,vn
进展,1,0.00018211619012930248,vn
不利因素,1,0.00018211619012930248,l
面向,1,0.00018211619012930248,n
立项,1,0.00018211619012930248,b
标志,1,0.00018211619012930248,n
正式,1,0.00018211619012930248,ad
装备,1,0.00018211619012930248,n
军队,1,0.00018211619012930248,n
前期,1,0.00018211619012930248,f
可靠,1,0.00018211619012930248,v
电子产品,1,0.00018211619012930248,n
用到,1,0.00018211619012930248,v
极,1,0.00018211619012930248,d
按规定,1,0.00018211619012930248,l
保证,1,0.00018211619012930248,v
固化,1,0.00018211619012930248,v
整个,1,0.00018211619012930248,b
保持稳定,1,0.00018211619012930248,n
升级换代,1,0.00018211619012930248,l
履行,1,0.00018211619012930248,v
类似,1,0.00018211619012930248,v
新品,1,0.00018211619012930248,n
予以,1,0.00018211619012930248,v
更换,1,0.00018211619012930248,v
很快,1,0.00018211619012930248,d
进口商,1,0.00018211619012930248,n
用级,1,0.00018211619012930248,n
降额,1,0.00018211619012930248,n
加固,1,0.00018211619012930248,v
用于,1,0.00018211619012930248,v
远,1,0.00018211619012930248,a
前会,1,0.00018211619012930248,n
努力,1,0.00018211619012930248,ad
专用,1,0.00018211619012930248,n
国外,1,0.00018211619012930248,s
禁运,1,0.00018211619012930248,v
核心部件,1,0.00018211619012930248,n
例,1,0.00018211619012930248,v
ATI,1,0.00018211619012930248,eng
低功耗,1,0.00018211619012930248,n
较好,1,0.00018211619012930248,a
平衡,1,0.00018211619012930248,a
非常,1,0.00018211619012930248,d
符合,1,0.00018211619012930248,v
依然,1,0.00018211619012930248,d
很大,1,0.00018211619012930248,a
极其,1,0.00018211619012930248,d
在内,1,0.00018211619012930248,u
只能,1,0.00018211619012930248,v
分期,1,0.00018211619012930248,vn
保证供应,1,0.00018211619012930248,l
维修,1,0.00018211619012930248,v
受制于人,1,0.00018211619012930248,l
JM5400,1,0.00018211619012930248,eng
型,1,0.00018211619012930248,k
波动性,1,0.00018211619012930248,n
国防工业,1,0.00018211619012930248,nt
空军,1,0.00018211619012930248,n
16306.49,1,0.00018211619012930248,m
20479.54,1,0.00018211619012930248,m
23967.97,1,0.00018211619012930248,m
采购计划,1,0.00018211619012930248,n
大幅提高,1,0.00018211619012930248,l
年际,1,0.00018211619012930248,n
间,1,0.00018211619012930248,f
一新,1,0.00018211619012930248,d
壁垒,1,0.00018211619012930248,n
保障性,1,0.00018211619012930248,n
原,1,0.00018211619012930248,n
厂家,1,0.00018211619012930248,n
后续,1,0.00018211619012930248,v
依托,1,0.00018211619012930248,v
的先,1,0.00018211619012930248,d
签署,1,0.00018211619012930248,v
协议,1,0.00018211619012930248,n
合作伙伴,1,0.00018211619012930248,n
背景,1,0.00018211619012930248,n
如有,1,0.00018211619012930248,c
实力,1,0.00018211619012930248,n
强劲,1,0.00018211619012930248,a
客户服务,1,0.00018211619012930248,n
优于,1,0.00018211619012930248,v
宏观,1,0.00018211619012930248,n
特殊,1,0.00018211619012930248,a
安全形势,1,0.00018211619012930248,i
地缘,1,0.00018211619012930248,n
政治,1,0.00018211619012930248,n
多种,1,0.00018211619012930248,m
长期,1,0.00018211619012930248,d
中心,1,0.00018211619012930248,n
差距,1,0.00018211619012930248,n
改观,1,0.00018211619012930248,v
和平,1,0.00018211619012930248,nz
代替,1,0.00018211619012930248,v
逆转,1,0.00018211619012930248,v
大型,1,0.00018211619012930248,b
国有,1,0.00018211619012930248,b
大协作,1,0.00018211619012930248,n
寓军,1,0.00018211619012930248,n
民,1,0.00018211619012930248,ng
越来越,1,0.00018211619012930248,d
具体,1,0.00018211619012930248,a
更为,1,0.00018211619012930248,d
灵活,1,0.00018211619012930248,a
恶化,1,0.00018211619012930248,v
上游,1,0.00018211619012930248,f
及时性,1,0.00018211619012930248,d
种类,1,0.00018211619012930248,n
繁多,1,0.00018211619012930248,a
再,1,0.00018211619012930248,d
加上,1,0.00018211619012930248,v
最小,1,0.00018211619012930248,a
期末存货,1,0.00018211619012930248,n
5427.95,1,0.00018211619012930248,m
6422.81,1,0.00018211619012930248,m
6302.54,1,0.00018211619012930248,m
17.24,1,0.00018211619012930248,m
15.27,1,0.00018211619012930248,m
11.50,1,0.00018211619012930248,m
0.55,1,0.00018211619012930248,m
0.61,1,0.00018211619012930248,m
0.95,1,0.00018211619012930248,m
较低,1,0.00018211619012930248,a
营运,1,0.00018211619012930248,n
历史,1,0.00018211619012930248,n
上为,1,0.00018211619012930248,v
民品,1,0.00018211619012930248,n
确认,1,0.00018211619012930248,v
并未,1,0.00018211619012930248,d
年均,1,0.00018211619012930248,j
标准,1,0.00018211619012930248,n
检验,1,0.00018211619012930248,vn
评审,1,0.00018211619012930248,vn
质量检查,1,0.00018211619012930248,n
物理,1,0.00018211619012930248,n
失效,1,0.00018211619012930248,a
6762.15,1,0.00018211619012930248,m
10883.77,1,0.00018211619012930248,m
10801.94,1,0.00018211619012930248,m
21.48,1,0.00018211619012930248,m
25.88,1,0.00018211619012930248,m
19.72,1,0.00018211619012930248,m
2.52,1,0.00018211619012930248,m
2.32,1,0.00018211619012930248,m
2.21,1,0.00018211619012930248,m
绝大部分,1,0.00018211619012930248,m
信用,1,0.00018211619012930248,n
未曾,1,0.00018211619012930248,d
不能偿还,1,0.00018211619012930248,i
大额,1,0.00018211619012930248,n
资金回笼,1,0.00018211619012930248,n
压力,1,0.00018211619012930248,n
进度,1,0.00018211619012930248,d
回收,1,0.00018211619012930248,v
3638.49,1,0.00018211619012930248,m
5751.19,1,0.00018211619012930248,m
1267.20,1,0.00018211619012930248,m
94.43,1,0.00018211619012930248,m
95.65,1,0.00018211619012930248,m
82.59,1,0.00018211619012930248,m
拉长,1,0.00018211619012930248,v
法律法规,1,0.00018211619012930248,n
待遇,1,0.00018211619012930248,n
法律依据,1,0.00018211619012930248,l
信誉,1,0.00018211619012930248,n
流程,1,0.00018211619012930248,n
收款,1,0.00018211619012930248,n
变慢,1,0.00018211619012930248,v
软件,1,0.00018211619012930248,n
长沙市,1,0.00018211619012930248,ns
国税,1,0.00018211619012930248,n
审,1,0.00018211619012930248,v
批准,1,0.00018211619012930248,v
双,1,0.00018211619012930248,m
软,1,0.00018211619012930248,a
两,1,0.00018211619012930248,m
减半,1,0.00018211619012930248,v
年底,1,0.00018211619012930248,t
期满,1,0.00018211619012930248,v
到期,1,0.00018211619012930248,d
企业资质,1,0.00018211619012930248,n
复审,1,0.00018211619012930248,v
一次,1,0.00018211619012930248,m
申请,1,0.00018211619012930248,v
正等待,1,0.00018211619012930248,i
制证,1,0.00018211619012930248,v
发证,1,0.00018211619012930248,v
及或,1,0.00018211619012930248,c
实际操作,1,0.00018211619012930248,n
先行,1,0.00018211619012930248,n
垫付,1,0.00018211619012930248,v
退还,1,0.00018211619012930248,v
1603.96,1,0.00018211619012930248,m
1696.12,1,0.00018211619012930248,m
1805.32,1,0.00018211619012930248,m
25.54,1,0.00018211619012930248,m
20.88,1,0.00018211619012930248,m
20.29,1,0.00018211619012930248,m
若干,1,0.00018211619012930248,m
国发,1,0.00018211619012930248,nt
自行,1,0.00018211619012930248,r
法定,1,0.00018211619012930248,n
征,1,0.00018211619012930248,v
北京,1,0.00018211619012930248,ns
启动,1,0.00018211619012930248,vn
改,1,0.00018211619012930248,v
服务收入,1,0.00018211619012930248,n
改为,1,0.00018211619012930248,v
增值税率,1,0.00018211619012930248,n
全国,1,0.00018211619012930248,n
交通运输业,1,0.00018211619012930248,n
改征,1,0.00018211619012930248,v
技术开发,1,0.00018211619012930248,n
书面,1,0.00018211619012930248,n
合同,1,0.00018211619012930248,a
纳税人,1,0.00018211619012930248,n
所在地,1,0.00018211619012930248,n
省级,1,0.00018211619012930248,b
科技,1,0.00018211619012930248,n
认定,1,0.00018211619012930248,v
主管,1,0.00018211619012930248,n
备查,1,0.00018211619012930248,vn
重视,1,0.00018211619012930248,v
创新,1,0.00018211619012930248,v
政策优惠,1,0.00018211619012930248,n
核准,1,0.00018211619012930248,n
台套,1,0.00018211619012930248,ns
生产能力,1,0.00018211619012930248,n
届时,1,0.00018211619012930248,d
达产,1,0.00018211619012930248,v
无形资产,1,0.00018211619012930248,l
大幅度提高,1,0.00018211619012930248,l
体现,1,0.00018211619012930248,v
早期,1,0.00018211619012930248,t
高科技,1,0.00018211619012930248,nz
高水平,1,0.00018211619012930248,nr
突出,1,0.00018211619012930248,v
十年,1,0.00018211619012930248,m
有着,1,0.00018211619012930248,v
深刻,1,0.00018211619012930248,d
难以,1,0.00018211619012930248,d
战略规划,1,0.00018211619012930248,n
优秀,1,0.00018211619012930248,a
发展壮大,1,0.00018211619012930248,l
文化,1,0.00018211619012930248,n
职业,1,0.00018211619012930248,n
通道,1,0.00018211619012930248,v
吸引,1,0.00018211619012930248,v
高端,1,0.00018211619012930248,n
财务管理,1,0.00018211619012930248,n
诸多方面,1,0.00018211619012930248,m
激励,1,0.00018211619012930248,v
约束,1,0.00018211619012930248,vn
大力发展,1,0.00018211619012930248,nz
多项,1,0.00018211619012930248,m
技术含量,1,0.00018211619012930248,n
难度,1,0.00018211619012930248,d
机密,1,0.00018211619012930248,n
少数,1,0.00018211619012930248,m
相互,1,0.00018211619012930248,d
独立,1,0.00018211619012930248,v
多个,1,0.00018211619012930248,m
需向,1,0.00018211619012930248,v
委托,1,0.00018211619012930248,n
加,1,0.00018211619012930248,v
工商,1,0.00018211619012930248,n
版图,1,0.00018211619012930248,n
PCB,1,0.00018211619012930248,eng
布板图,1,0.00018211619012930248,nr
留存,1,0.00018211619012930248,v
第三方,1,0.00018211619012930248,m
办法,1,0.00018211619012930248,n
拟,1,0.00018211619012930248,v
法人资格,1,0.00018211619012930248,n
企事业,1,0.00018211619012930248,n
须,1,0.00018211619012930248,d
全资,1,0.00018211619012930248,n
三级,1,0.00018211619012930248,b
保密工作,1,0.00018211619012930248,n
放在首位,1,0.00018211619012930248,l
保守,1,0.00018211619012930248,v
时期,1,0.00018211619012930248,n
效率,1,0.00018211619012930248,n
过因,1,0.00018211619012930248,n
产权,1,0.00018211619012930248,n
瑕疵,1,0.00018211619012930248,n
租赁期,1,0.00018211619012930248,n
拆迁,1,0.00018211619012930248,v
或因,1,0.00018211619012930248,c
出租,1,0.00018211619012930248,v
预见,1,0.00018211619012930248,v
描述,1,0.00018211619012930248,v
预测,1,0.00018211619012930248,vn
不可抗力,1,0.00018211619012930248,l
系统性,1,0.00018211619012930248,n
概率,1,0.00018211619012930248,n
事件,1,0.00018211619012930248,n
上市,1,0.00018211619012930248,ns
慎重考虑,1,0.00018211619012930248,nr
技术升级,1,0.00018211619012930248,n
制造,1,0.00018211619012930248,v
小型化,1,0.00018211619012930248,n
低成本,1,0.00018211619012930248,l
高速率,1,0.00018211619012930248,n
远距离,1,0.00018211619012930248,n
热插拔,1,0.00018211619012930248,n
功能,1,0.00018211619012930248,n
技术水平,1,0.00018211619012930248,n
工艺,1,0.00018211619012930248,n
品质,1,0.00018211619012930248,n
误判,1,0.00018211619012930248,v
微,1,0.00018211619012930248,n
光学,1,0.00018211619012930248,n
集成,1,0.00018211619012930248,v
实验室,1,0.00018211619012930248,n
研究,1,0.00018211619012930248,vn
走向,1,0.00018211619012930248,v
高集成度,1,0.00018211619012930248,n
失密,1,0.00018211619012930248,a
产品升级,1,0.00018211619012930248,n
优秀人才,1,0.00018211619012930248,n
技术储备,1,0.00018211619012930248,n
1495.16,1,0.00018211619012930248,m
1818.90,1,0.00018211619012930248,m
2342.03,1,0.00018211619012930248,m
3.24,1,0.00018211619012930248,m
3.48,1,0.00018211619012930248,m
3.81,1,0.00018211619012930248,m
管理体系,1,0.00018211619012930248,n
大面积,1,0.00018211619012930248,n
近几年,1,0.00018211619012930248,l
稳步增长,1,0.00018211619012930248,i
46.20,1,0.00018211619012930248,m
16.20,1,0.00018211619012930248,m
受益,1,0.00018211619012930248,v
经济衰退,1,0.00018211619012930248,l
宏观政策,1,0.00018211619012930248,n
滞缓,1,0.00018211619012930248,v
运营商,1,0.00018211619012930248,n
削减,1,0.00018211619012930248,v
属,1,0.00018211619012930248,v
涉及,1,0.00018211619012930248,v
众多,1,0.00018211619012930248,m
保护措施,1,0.00018211619012930248,n
引起,1,0.00018211619012930248,v
诉讼,1,0.00018211619012930248,vn
45893.32,1,0.00018211619012930248,m
52157.43,1,0.00018211619012930248,m
61007.27,1,0.00018211619012930248,m
28.22,1,0.00018211619012930248,m
30.51,1,0.00018211619012930248,m
27.48,1,0.00018211619012930248,m
议价,1,0.00018211619012930248,n
较强,1,0.00018211619012930248,a
项目风险,1,0.00018211619012930248,n
413.00,1,0.00018211619012930248,m
642.53,1,0.00018211619012930248,m
55.58,1,0.00018211619012930248,m
改善,1,0.00018211619012930248,v
分析,1,0.00018211619012930248,vn
外部,1,0.00018211619012930248,f
9783.13,1,0.00018211619012930248,m
12152.74,1,0.00018211619012930248,m
12296.63,1,0.00018211619012930248,m
21.22,1,0.00018211619012930248,m
23.25,1,0.00018211619012930248,m
19.99,1,0.00018211619012930248,m
一年,1,0.00018211619012930248,m
坏账,1,0.00018211619012930248,n
11546.27,1,0.00018211619012930248,m
12484.10,1,0.00018211619012930248,m
20771.73,1,0.00018211619012930248,m
25.29,1,0.00018211619012930248,m
22.36,1,0.00018211619012930248,m
30.19,1,0.00018211619012930248,m
之间,1,0.00018211619012930248,f
提前,1,0.00018211619012930248,v
积压,1,0.00018211619012930248,n
跌价,1,0.00018211619012930248,n
缺陷,1,0.00018211619012930248,v
召回,1,0.00018211619012930248,v
出售,1,0.00018211619012930248,vn
十,1,0.00018211619012930248,m
五大,1,0.00018211619012930248,j
40.76,1,0.00018211619012930248,m
45.75,1,0.00018211619012930248,m
55.29,1,0.00018211619012930248,m
十一,1,0.00018211619012930248,m
价格下降,1,0.00018211619012930248,n
所示,1,0.00018211619012930248,v
PON,1,0.00018211619012930248,eng
181.77458.0792.9581.18151.64.03742.94103.6381.27146.58195.75644.42100.3480.69158.34,1,0.00018211619012930248,m
来源于,1,0.00018211619012930248,v
39.52,1,0.00018211619012930248,m
46.59,1,0.00018211619012930248,m
呈,1,0.00018211619012930248,v
系,1,0.00018211619012930248,v
所处,1,0.00018211619012930248,n
进步,1,0.00018211619012930248,d
驱动,1,0.00018211619012930248,vn
相同,1,0.00018211619012930248,d
最新进展,1,0.00018211619012930248,nt
资金投入,1,0.00018211619012930248,n
空间,1,0.00018211619012930248,n
十二,1,0.00018211619012930248,m
深入,1,0.00018211619012930248,v
认真落实,1,0.00018211619012930248,z
减按,1,0.00018211619012930248,n
961.17,1,0.00018211619012930248,m
1179.24,1,0.00018211619012930248,m
1208.48,1,0.00018211619012930248,m
12.11,1,0.00018211619012930248,m
12.76,1,0.00018211619012930248,m
12.79,1,0.00018211619012930248,m
抵,1,0.00018211619012930248,zg
退税,1,0.00018211619012930248,v
十三,1,0.00018211619012930248,m
进出口,1,0.00018211619012930248,vn
境外,1,0.00018211619012930248,s
57.65,1,0.00018211619012930248,m
52.70,1,0.00018211619012930248,m
45.88,1,0.00018211619012930248,m
总额,1,0.00018211619012930248,n
63.21,1,0.00018211619012930248,m
64.40,1,0.00018211619012930248,m
67.31,1,0.00018211619012930248,m
外汇,1,0.00018211619012930248,n
人民币,1,0.00018211619012930248,n
十四,1,0.00018211619012930248,m
通常,1,0.00018211619012930248,d
不会,1,0.00018211619012930248,v
启用,1,0.00018211619012930248,v
欧洲,1,0.00018211619012930248,ns
亚洲,1,0.00018211619012930248,ns
北美,1,0.00018211619012930248,ns
宽松,1,0.00018211619012930248,a
很少,1,0.00018211619012930248,m
制造业,1,0.00018211619012930248,n
基地,1,0.00018211619012930248,n
出台,1,0.00018211619012930248,v
十五,1,0.00018211619012930248,m
扣除非,1,0.00018211619012930248,i
经常性,1,0.00018211619012930248,n
损益,1,0.00018211619012930248,n
25.72,1,0.00018211619012930248,m
18.74,1,0.00018211619012930248,m
建设期,1,0.00018211619012930248,n
试运营,1,0.00018211619012930248,n
